"Page Id","Block Name",Content
0,copyright,Coaster
0,feature,10
0,features_lead_text,"At vero eos et accusamus et iusto odio"
0,features_title,"Features loved by users"
0,internal_banner,"O:8:""stdClass"":2:{s:5:""title"";s:0:"""";s:4:""file"";s:42:""/uploads/images/coaster2016/top-banner.jpg"";}"
0,logo,"O:8:""stdClass"":2:{s:5:""title"";s:0:"""";s:4:""file"";s:44:""/uploads/images/coaster2016/logo_example.png"";}"
0,meta_description,%page_name%
0,meta_title,"%page_name% | %site_name%"
0,scroll_to_top_text,"Back to top"
0,show_features,1
0,social,8
1,banner,7
1,carousel,6
1,icon,"<i class=""fa fa-glass fa-2x""></i>"
1,lead_text,"Oomnis iste natus error sit voluptatem ipsa quae ab illo invent"
1,show_features,1
1,show_sub_pages,8
1,title,Sections
2,content,"<p>Sed ut perspiciatis unde omnis iste natus error sit voluptatem accusantium doloremque laudantium, totam rem aperiam, eaque ipsa quae ab illo inventore veritatis et quasi architecto beatae vitae dicta sunt explicabo. Nemo enim ipsam voluptatem quia voluptas sit aspernatur aut odit aut fugit, sed quia consequuntur magni dolores eos qui ratione voluptatem sequi nesciunt. Neque porro quisquam est, qui dolorem ipsum quia dolor sit amet, consectetur, adipisci velit, sed quia non numquam eius modi tempora incidunt ut labore et dolore magnam aliquam quaerat voluptatem. Ut enim ad minima ven</p>
<p>Sed ut perspiciatis unde omnis iste natus error sit voluptatem accusantium doloremque laudantium, totam rem aperiam, eaque ipsa quae ab illo inventore veritatis et quasi architecto beatae vitae dicta sunt explicabo. Nemo enim ipsam voluptatem quia voluptas sit aspernatur aut odit aut fugit, sed quia consequuntur magni dolores eos qui ratione voluptatem sequi nesciunt. Neque porro quisquam est, qui dolorem ipsum quia dolor sit amet, consectetur, adipisci velit, sed quia non numquam eius modi tempora incidunt ut labore et dolore magnam aliquam quaerat voluptatem. Ut enim ad minima ven</p>
<ul>
<li>Sed ut perspiciatis</li>
<li>Sed ut perspiciatis</li>
<li>Sed ut perspiciatis</li>
</ul>
<p>Sed ut perspiciatis unde omnis iste natus error sit voluptatem accusantium doloremque laudantium, totam rem aperiam, eaque ipsa quae ab illo inventore veritatis et quasi architecto beatae vitae dicta sunt explicabo. Nemo enim ipsam voluptatem quia voluptas sit aspernatur aut odit aut fugit, sed quia consequuntur magni dolores eos qui ratione voluptatem sequi nesciunt. Neque porro quisquam est, qui dolorem ipsum quia dolor sit amet, consectetur, adipisci velit, sed quia non numquam eius modi tempora incidunt ut labore et dolore magnam aliquam quaerat voluptatem. Ut enim ad minima ven</p>"
2,icon,"<i class=""fa fa-paint-brush fa-2x""></i> "
2,lead_text,"Nemo enim ipsam voluptatem quia voluptas sit aspernatur"
2,show_features,1
2,sidebar_content,"<p>Important sidebar stuff</p>
<p>Important sidebar stuff</p>
<p>Important sidebar stuff</p>"
2,sidebar_title,Sidebar
2,title,"Welcome to Coaster CMS internal template"
3,address,"123 Way, The City, 
Planet Earth"
3,contact_form,"O:8:""stdClass"":5:{s:10:""email_from"";s:0:"""";s:8:""email_to"";s:0:"""";s:8:""template"";s:12:""contact_form"";s:7:""page_to"";s:1:""4"";s:7:""captcha"";b:1;}"
3,contact_form_text,"If you would like to email us please use the form below:"
3,content,"<p>Sed ut perspiciatis unde omnis iste natus error sit voluptatem accusantium doloremque laudantium, totam rem aperiam, eaque ipsa quae ab illo inventore veritatis et quasi architecto beatae vitae dicta sunt explicabo. Nemo enim ipsam voluptatem, sed quia consequuntur magni dolores eos quin</p>"
3,email,info@thiswebsite.internet
3,icon,"<i class=""fa fa-glass fa-2x""></i>"
3,lead_text,"Nemo enim ipsam voluptatem quia voluptas sit aspernatur"
3,map_link,https://www.google.com/maps/embed?pb=!1m18!1m12!1m3!1d2511.879232160876!2d-1.383762737115256!3d50.98142284230224!2m3!1f0!2f0!3f0!3m2!1i1024!2i768!4f13.1!3m3!1m2!1s0x48747369943f2f59%3A0xaec570fd56e4fd31!2sWeb+Feet+Ltd!5e0!3m2!1sen!2suk!4v1460459965879
3,phone,"123 456 789"
3,show_features,1
3,title,"Contact Us Template"
4,icon,"<i class=""fa fa-glass fa-2x""></i>"
4,lead_text,"Thank you for contacting us, we will be in touch shortly."
4,show_features,1
4,title,"Thank You Template"
7,content,"<p>Sed ut perspiciatis unde omnis iste natus error sit voluptatem accusantium doloremque laudantium, totam rem aperiam, eaque ipsa quae ab illo inventore veritatis et quasi architecto beatae vitae dicta sunt explicabo.</p>"
7,icon,"<i class=""fa fa-glass fa-2x""></i>"
7,lead_text,"Nemo enim ipsam voluptatem quia voluptas sit aspernatur"
7,show_features,1
7,team,17
7,title,"Meet the Team"
8,category_view,detailed
8,show_features,1
8,title,Services
9,category_view,detailed
9,show_features,1
9,title,Products
10,content,"<p>Sed ut perspiciatis unde omnis iste natus error sit voluptatem accusantium doloremque laudantium, totam rem aperiam, eaque ipsa quae ab illo inventore veritatis et quasi architecto beatae vitae dicta sunt explicabo. Nemo enim ipsam voluptatem quia voluptas sit aspernatur aut odit aut fugit, sed quia consequuntur magni dolores eos qui ratione voluptatem sequi nesciunt. Neque porro quisquam est, qui dolorem ipsum quia dolor sit amet, consectetur, adipisci velit, sed quia non numquam eius modi tempora incidunt ut labore et dolore magnam aliquam quaerat voluptatem.</p>
<p>&nbsp;</p>"
10,icon,"<i class=""fa fa-cloud-upload fa-2x""></i>"
10,show_features,1
10,title,"Cloud Control"
10,video,gu4FYSFeWqg
11,content,"<p>Sed ut perspiciatis unde omnis iste natus error sit voluptatem accusantium doloremque laudantium, totam rem aperiam, eaque ipsa quae ab illo inventore veritatis et quasi architecto beatae vitae dicta sunt explicabo. Nemo enim ipsam voluptatem quia voluptas sit aspernatur aut odit aut fugit, sed quia consequuntur magni dolores eos qui ratione voluptatem sequi nesciunt. Neque porro quisquam est, qui dolorem ipsum quia dolor sit amet, consectetur, adipisci velit, sed quia non numquam eius modi tempora incidunt ut labore et dolore magnam aliquam quaerat voluptatem.</p>"
11,icon,"<i class=""fa fa-line-chart fa-2x""></i>"
11,show_features,1
11,title,"Positive Graphs"
12,content,"<p>Sed ut perspiciatis unde omnis iste natus error sit voluptatem accusantium doloremque laudantium, totam rem aperiam, eaque ipsa quae ab illo inventore veritatis et quasi architecto beatae vitae dicta sunt explicabo. Nemo enim ipsam voluptatem quia voluptas sit aspernatur aut odit aut fugit, sed quia consequuntur magni dolores eos qui ratione voluptatem sequi nesciunt. Neque porro quisquam est, qui dolorem ipsum quia dolor sit amet, consectetur, adipisci velit, sed quia non numquam eius modi tempora incidunt ut labore et dolore magnam aliquam quaerat voluptatem.</p>"
12,icon,"<i class=""fa fa-commenting fa-2x""></i>"
12,show_features,1
12,title,"Bits and Bobs"
13,content,"<p>Sed ut perspiciatis unde omnis iste natus error sit voluptatem accusantium doloremque laudantium, totam rem aperiam, eaque ipsa quae ab illo inventore veritatis et quasi architecto beatae vitae dicta sunt explicabo. Nemo enim ipsam voluptatem quia voluptas sit aspernatur aut odit aut fugit, sed quia consequuntur magni dolores eos qui ratione voluptatem sequi nesciunt. Neque porro quisquam est, qui dolorem ipsum quia dolor sit amet, consectetur, adipisci velit, sed quia non numquam eius modi tempora incidunt ut labore et dolore magnam aliquam quaerat voluptatem.</p>"
13,icon,"<i class=""fa fa-server fa-2x""></i>"
13,show_features,1
13,title,"Serious Hosting"
14,category_view,detailed
14,content,"<p>Sed ut perspiciatis unde omnis iste natus error sit voluptatem accusantium doloremque laudantium, totam rem aperiam, eaque ipsa quae ab illo inventore veritatis et quasi architecto beatae vitae dicta sunt explicabo. Nemo enim ipsam voluptatem, sed quia consequuntur magni dolores eos quin</p>"
14,lead_text,"Nemo enim ipsam voluptatem quia voluptas sit aspernatur"
14,show_features,1
14,title,"Big Products"
15,content,"<p>Sed ut perspiciatis unde omnis iste natus error sit voluptatem accusantium doloremque laudantium, totam rem aperiam, eaque ipsa quae ab illo inventore veritatis et quasi architecto beatae vitae dicta sunt explicabo. Nemo enim ipsam voluptatem, sed quia consequuntur magni dolores eos quin</p>"
15,lead_text,"Nemo enim ipsam voluptatem quia voluptas sit aspernatur"
15,show_features,1
15,title,"Small Products"
18,title,"Starter Product"
19,title,Product
20,title,"Product in blue"
21,title,"Product in orange"
22,title,"Product Plus"
26,title,"Superior Product"
27,title,"Ultimate Product"
28,show_features,1
28,title,Sitemap
