"Repeater Id","Repeater Row","Block Name",Content
6,1,slide_title,"Welcome to Coaster CMS"
6,1,slide_text,"Sed ut perspiciatis unde omnis iste natus error sit voluptatem accusantium doloremque laudantium, totam rem aperiam, eaque ipsa quae ab illo invent"
6,1,slide_button_text,"Take the tour"
6,1,slide_button_icon,"<i class=""fa fa-arrow-down""></i>"
6,1,slide_image,"O:8:""stdClass"":2:{s:5:""title"";s:0:"""";s:4:""file"";s:42:""/uploads/images/coaster2016/top-banner.jpg"";}"
6,2,slide_title,"Homepage Template"
6,2,slide_button_text,"About Us"
6,2,slide_button_link,"a:1:{s:4:""link"";s:12:""internal://2"";}"
6,2,slide_text,"A second sliding banner
...."
6,2,slide_image,"O:8:""stdClass"":2:{s:5:""title"";s:0:"""";s:4:""file"";s:42:""/uploads/images/coaster2016/top-banner.jpg"";}"
6,2,slide_button_icon,"<i class=""fa fa-chevron-circle-right""></i>"
7,1,banner_link,"a:1:{s:4:""link"";s:12:""internal://2"";}"
7,1,banner_image,"O:8:""stdClass"":2:{s:5:""title"";s:0:"""";s:4:""file"";s:43:""/uploads/images/coaster2016/mini-banner.jpg"";}"
8,1,social_icon,"<i class=""fa fa-facebook-square""></i>"
8,1,social_name,Facebook
8,2,social_icon,"<i class=""fa fa-twitter-square""></i>"
8,2,social_name,Twitter
8,3,social_icon,"<i class=""fa fa-linkedin-square""></i>"
8,3,social_name,LinkedIn
8,4,social_icon,"<i class=""fa fa-youtube""></i>"
8,4,social_name,YouTube
10,1,feature_icon,"<i class=""fa fa-paint-brush fa-2x""></i>"
10,1,feature_title,"Title header"
10,1,feature_text,"Vel ad aliquid copiosae, cum id impetus tincidunt, solum option laoreet ei quo. No cum agam appareat vituperata ateum iusto paulo dignissim."
10,2,feature_icon,"<i class=""fa fa-pencil fa-2x""></i>"
10,2,feature_title,"Title header"
10,2,feature_text,"Vel ad aliquid copiosae, cum id impetus tincidunt, solum option laoreet ei quo. No cum agam appareat vituperata ateum iusto paulo dignissim."
10,3,feature_icon,"<i class=""fa fa-paper-plane-o fa-2x""></i>"
10,3,feature_title,"Title header"
10,3,feature_text,"Vel ad aliquid copiosae, cum id impetus tincidunt, solum option laoreet ei quo. No cum agam appareat vituperata ateum iusto paulo dignissim."
10,4,feature_icon,"<i class=""fa fa-signal fa-2x""></i>"
10,4,feature_title,"Title header"
10,4,feature_text,"Vel ad aliquid copiosae, cum id impetus tincidunt, solum option laoreet ei quo. No cum agam appareat vituperata ateum iusto paulo dignissim."
17,1,member_name,"Johanne Smith"
17,1,member_text,"Nemo enim ipsam voluptatem quia voluptas sit aspernatur"
17,1,member_image,"O:8:""stdClass"":2:{s:5:""title"";s:0:"""";s:4:""file"";s:36:""/uploads/images/coaster2016/team.jpg"";}"
17,2,member_name,"The Real Johanne Smith"
17,2,member_text,"Nemo enim ipsam voluptatem quia voluptas sit aspernatur"
17,2,member_image,"O:8:""stdClass"":2:{s:5:""title"";s:0:"""";s:4:""file"";s:36:""/uploads/images/coaster2016/team.jpg"";}"
17,3,member_name,"Johanne Smith's Clone"
17,3,member_text,"Nemo enim ipsam voluptatem quia voluptas sit aspernatur"
17,3,member_image,"O:8:""stdClass"":2:{s:5:""title"";s:0:"""";s:4:""file"";s:36:""/uploads/images/coaster2016/team.jpg"";}"
17,4,member_name,"Johanne Smith Again"
17,4,member_text,"Nemo enim ipsam voluptatem quia voluptas sit aspernatur"
17,4,member_image,"O:8:""stdClass"":2:{s:5:""title"";s:0:"""";s:4:""file"";s:36:""/uploads/images/coaster2016/team.jpg"";}"
