"Block Name","Block Label","Block Note","Block Category","Block Type","Global (show in site-wide)","Global (show in pages)",Templates,"Block Order"
title,Title,,"Main Content",string,no,no,"category,contact,home,internal,sitemap,team",80
lead_text,"Lead Text",,"Main Content",text,no,no,"category,contact,home,internal,team",90
content,Content,,"Main Content",richtext,no,no,"category,contact,internal,team",100
category_view,"Category View",,"Main Content",select,no,no,category,110
icon,"Page Icon",,"Main Content",selectclass,no,no,"category,contact,home,internal,team",200
email,Email,,"Main Content",string,no,no,contact,110
phone,Phone,,"Main Content",string,no,no,contact,120
address,Address,,"Main Content",text,no,no,contact,130
contact_form,"Contact Form",,"Main Content",form,no,no,contact,140
map_link,"Map Link",,"Main Content",string,no,no,contact,150
contact_form_text,"Contact Form Text",,"Main Content",text,no,no,contact,145
carousel,Carousel,,Banners,repeater,no,no,home,70
show_sub_pages,"Show Sub Pages",,"Main Content",selectpage,no,no,home,100
banner,"Mini Banner",,"Main Content",repeater,no,no,home,110
sidebar_title,"Sidebar Title",,Sidebar,string,no,no,internal,80
sidebar_content,"Sidebar Content",,Sidebar,richtext,no,no,internal,90
video,Video,,"Main Content",video,no,no,internal,110
team,Team,,"Main Content",repeater,no,no,team,110
meta_title,"Meta Title",,"SEO Content",string,yes,yes,"category,contact,home,internal,sitemap,team",20
meta_description,"Meta Description",,"SEO Content",text,yes,yes,"category,contact,home,internal,sitemap,team",30
meta_keywords,"Meta Keywords",,"SEO Content",text,yes,yes,"category,contact,home,internal,sitemap,team",40
header_html,"Header Html",,Header,text,yes,no,"category,contact,home,internal,sitemap,team",50
logo,Logo,,Header,image,yes,no,"category,contact,home,internal,sitemap,team",140
internal_banner,"Internal Banner",,Banners,image,yes,no,"category,contact,internal,sitemap,team",70
show_features,"Show Features",,Footer,select,yes,yes,"category,contact,home,internal,sitemap,team",120
features_title,"Features Title",,Footer,string,yes,no,"category,contact,home,internal,sitemap,team",130
features_lead_text,"Features Lead Text",,Footer,text,yes,no,"category,contact,home,internal,sitemap,team",140
feature,Feature,,Footer,repeater,yes,no,"category,contact,home,internal,sitemap,team",150
social,Social,,Footer,repeater,yes,no,"category,contact,home,internal,sitemap,team",160
scroll_to_top_text,"Scroll To Top Text",,"Main Content",text,yes,no,"category,contact,home,internal,sitemap,team",170
copyright,Copyright,,Footer,string,yes,no,"category,contact,home,internal,sitemap,team",180
footer_html,"Footer Html",,Footer,text,yes,no,"category,contact,home,internal,sitemap,team",130
slide_image,"Slide Image",,"Main Content",image,no,no,,80
slide_title,"Slide Title",,"Main Content",string,no,no,,90
slide_text,"Slide Text",,"Main Content",text,no,no,,100
slide_button_link,"Slide Button Link",,"Main Content",link,no,no,,110
slide_button_text,"Slide Button Text",,"Main Content",text,no,no,,120
slide_button_icon,"Slide Button Icon",,"Main Content",selectclass,no,no,,130
banner_link,"Banner Link",,Banners,link,no,no,,140
banner_image,"Banner Image",,Banners,image,no,no,,150
member_image,"Member Image",,"Main Content",image,no,no,,160
member_name,"Member Name",,"Main Content",string,no,no,,170
member_text,"Member Text",,"Main Content",text,no,no,,180
feature_icon,"Feature Icon",,"Main Content",selectclass,no,no,,20
feature_title,"Feature Title",,"Main Content",string,no,no,,30
feature_text,"Feature Text",,"Main Content",text,no,no,,40
social_link,"Social Link",,"Main Content",link,no,no,,50
social_icon,"Social Icon",,"Main Content",selectclass,no,no,,60
social_name,"Social Name",,"Main Content",string,no,no,,70
