"Page Id","Page Name","Page Url","Page Template","Parent Page Id","Default Child Template","Page Order Value","Is Link (0 or 1)","Is Live (0 or 1)","In Sitemap (0 or 1)","Container for Group Id","Item in Group Id"
1,Home,/,home,,,1,0,1,1,,
2,"About Us",about,internal,,,2,0,1,1,,
3,"Contact Us",contact,contact,,,6,0,1,1,,
4,"Thank You",confirm,internal,3,,1,0,1,0,,
7,"Meet the Team",meet-the-team,team,,,3,0,1,1,,
8,Services,services,category,,,4,0,1,1,,
9,Products,products,category,,,5,0,1,1,,
10,"Cloud Control",cloud-control,internal,8,,1,0,1,1,,
11,"Positive Graphs",positive-graphs,internal,8,,2,0,1,1,,
12,"Bits and Bobs",bits-and-bobs,internal,8,,3,0,1,1,,
13,"Serious Hosting",serious-hosting,internal,8,,4,0,1,1,,
14,"Big Products",big-products,category,9,,1,0,1,1,,
15,"Small Products",small-products,category,9,,2,0,1,1,,
18,"Starter Product",starter-product,internal,15,,1,0,1,1,,
19,Product,product,internal,15,,2,0,1,1,,
20,"Product in blue",product-in-blue,internal,15,,3,0,1,1,,
21,"Product in orange",proudct-in-orange,internal,15,,4,0,1,1,,
22,"Product Plus",product-plus,internal,15,,5,0,1,1,,
26,"Superior Product",superior-product,internal,15,,6,0,1,1,,
27,"Ultimate Product",ultimate-product,internal,15,,7,0,1,1,,
28,Sitemap,sitemap,sitemap,,,7,0,1,0,,
